collab_songs,artist1,artist2
2,21 Savage,A$AP Rocky
3,21 Savage,Bad Bunny
1,21 Savage,Blxst
2,21 Savage,Burna Boy
1,21 Savage,Calvin Harris
2,21 Savage,Cardi B
1,21 Savage,Childish Gambino
5,21 Savage,DJ Khaled
3,21 Savage,DaBaby
1,21 Savage,Don Toliver
16,21 Savage,Drake
3,21 Savage,Farruko
1,21 Savage,Fireboy DML
4,21 Savage,Future
2,21 Savage,Gunna
1,21 Savage,J. Cole
1,21 Savage,JID
1,21 Savage,Juicy J
1,21 Savage,Justin Bieber
1,21 Savage,King Von
2,21 Savage,Kodak Black
6,21 Savage,Lil Durk
8,21 Savage,Lil Uzi Vert
1,21 Savage,Lil Wayne
1,21 Savage,NAV
1,21 Savage,Nicki Minaj
1,21 Savage,Pharrell Williams
2,21 Savage,Playboi Carti
2,21 Savage,Post Malone
1,21 Savage,Project Pat
2,21 Savage,Roddy Ricch
1,21 Savage,Rvssian
1,21 Savage,SZA
2,21 Savage,Southside
2,21 Savage,Summer Walker
1,21 Savage,The Game
3,21 Savage,The Weeknd
1,21 Savage,Tiësto
12,21 Savage,Travis Scott
1,21 Savage,Tyga
8,21 Savage,XXXTENTACION
14,21 Savage,Young Thug
2,21 Savage,YoungBoy Never Broke Again
1,24kGoldn,Anitta
1,24kGoldn,Cardi B
1,24kGoldn,DaBaby
1,24kGoldn,Future
1,24kGoldn,J Balvin
1,24kGoldn,Jack Harlow
1,24kGoldn,Justin Bieber
1,24kGoldn,Lil Tjay
1,24kGoldn,Lil Wayne
1,24kGoldn,Swae Lee
2,24kGoldn,Wiz Khalifa
1,24kGoldn,blackbear
2,24kGoldn,iann dior
2,4*TOWN,FINNEAS
2,4*TOWN,Grayson Villanueva
2,4*TOWN,Jordan Fisher
2,4*TOWN,Josh Levi
2,4*TOWN,Topher Ngo
1,50 Cent,Alicia Keys
4,50 Cent,Beyoncé
1,50 Cent,Black Eyed Peas
4,50 Cent,Chris Brown
34,50 Cent,Dr. Dre
1,50 Cent,Drake
1,50 Cent,Ed Sheeran
110,50 Cent,Eminem
1,50 Cent,Ghostface Killah
1,50 Cent,J. Cole
6,50 Cent,Justin Timberlake
3,50 Cent,Kanye West
1,50 Cent,Kendrick Lamar
2,50 Cent,Lil Wayne
20,50 Cent,Nate Dogg
1,50 Cent,Pharrell Williams
1,50 Cent,Post Malone
1,50 Cent,Pusha T
1,50 Cent,Queen
1,50 Cent,Roddy Ricch
1,50 Cent,SZA
9,50 Cent,Sean Paul
12,50 Cent,Snoop Dogg
26,50 Cent,The Game
1,50 Cent,Tyga
2,50 Cent,Wiz Khalifa
2,A$AP Rocky,Alicia Keys
1,A$AP Rocky,Brent Faiyaz
1,A$AP Rocky,Cardi B
1,A$AP Rocky,Chris Brown
1,A$AP Rocky,DJ Khaled
5,A$AP Rocky,Drake
1,A$AP Rocky,Fivio Foreign
3,A$AP Rocky,Frank Ocean
2,A$AP Rocky,Future
1,A$AP Rocky,Gesaffelstein
1,A$AP Rocky,J. Cole
12,A$AP Rocky,Juicy J
1,A$AP Rocky,Justin Timberlake
4,A$AP Rocky,Kanye West
5,A$AP Rocky,Kendrick Lamar
1,A$AP Rocky,Kodak Black
3,A$AP Rocky,Lana Del Rey
3,A$AP Rocky,Lil Uzi Vert
2,A$AP Rocky,Lil Wayne
1,A$AP Rocky,Maroon 5
1,A$AP Rocky,Nicki Minaj
2,A$AP Rocky,Pharrell Williams
12,A$AP Rocky,Playboi Carti
1,A$AP Rocky,Post Malone
3,A$AP Rocky,Project Pat
1,A$AP Rocky,Pusha T
1,A$AP Rocky,Snoop Dogg
1,A$AP Rocky,Swedish House Mafia
1,A$AP Rocky,The Game
1,A$AP Rocky,The Weeknd
1,A$AP Rocky,Tyga
1,A$AP Rocky,Wiz Khalifa
1,A$AP Rocky,Young Thug
1,Abhir Hathi,Bejo
5,Abhir Hathi,Cruz Cafuné
1,Abhir Hathi,EL IMA
1,Abhir Hathi,Juseph
1,Abhir Hathi,La Pantera
1,Abhir Hathi,Quevedo
3,Adassa,Carolina Gaitán
3,Adassa,Diane Guerrero
1,Adassa,Maluma
3,Adassa,Mauro Castillo
1,Adassa,Olga Merediz
3,Adassa,Rhenzy Feliz
3,Adassa,Snoop Dogg
4,Adassa,Stephanie Beatriz
1,Adele,Alesso
1,Adele,Ariana Grande
1,Adele,Beyoncé
1,Adele,Childish Gambino
1,Adele,Justin Bieber
1,Adele,Katy Perry
1,Adele,Lady Gaga
1,Adele,Lizzo
1,Adele,Tyga
1,Aitana,Katy Perry
1,Aitana,Luísa Sonza
2,Aitana,Morat
1,Aitana,Nicki Nicole
2,Aitana,Sebastián Yatra
1,Aitana,TINI
1,Aitana,Álvaro Díaz
1,Ak4:20,Duki
1,Ak4:20,Feid
1,Ak4:20,Juhn
2,Alesso,Anitta
3,Alesso,Calvin Harris
1,Alesso,David Guetta
1,Alesso,Justin Bieber
2,Alesso,Katy Perry
2,Alesso,Maroon 5
2,Alesso,Marshmello
7,Alesso,OneRepublic
1,Alesso,Swedish House Mafia
1,Alesso,TINI
1,Alicia Keys,Avicii
6,Alicia Keys,Beyoncé
2,Alicia Keys,Brent Faiyaz
1,Alicia Keys,Chris Brown
1,Alicia Keys,Coldplay
1,Alicia Keys,DJ Khaled
1,Alicia Keys,Dr. Dre
3,Alicia Keys,Drake
1,Alicia Keys,Ed Sheeran
1,Alicia Keys,Elton John
3,Alicia Keys,Eminem
1,Alicia Keys,Farruko
1,Alicia Keys,Fivio Foreign
1,Alicia Keys,John Legend
2,Alicia Keys,Justin Timberlake
2,Alicia Keys,Kanye West
3,Alicia Keys,Kendrick Lamar
2,Alicia Keys,Khalid
1,Alicia Keys,Lil Durk
1,Alicia Keys,Lil Wayne
1,Alicia Keys,Maroon 5
4,Alicia Keys,Nicki Minaj
4,Alicia Keys,Pharrell Williams
1,Alicia Keys,Pusha T
1,Alicia Keys,Sampha
1,Alicia Keys,Shakira
1,Alicia Keys,Snoop Dogg
1,Alicia Keys,Swae Lee
4,Alonzo,Ninho
1,Alonzo,Sofía Reyes
1,Amaarae,BEAM
1,Amaarae,CKay
1,Amaarae,Kali Uchis
1,Ana Castela,Wesley Safadão
1,Ana Castela,Zé Felipe
1,Anderson .Paak,Bruno Mars
1,Anderson .Paak,Chris Brown
2,Anderson .Paak,Doja Cat
10,Anderson .Paak,Dr. Dre
2,Anderson .Paak,Eminem
1,Anderson .Paak,J. Cole
1,Anderson .Paak,JID
1,Anderson .Paak,Jay Rock
8,Anderson .Paak,Justin Timberlake
2,Anderson .Paak,Kanye West
2,Anderson .Paak,Kendrick Lamar
2,Anderson .Paak,Mac Miller
1,Anderson .Paak,Macklemore & Ryan Lewis
1,Anderson .Paak,Nate Dogg
1,Anderson .Paak,Pusha T
3,Anderson .Paak,Snoop Dogg
4,Anderson .Paak,The Game
1,Anitta,BEAM
2,Anitta,Becky G
3,Anitta,Black Eyed Peas
1,Anitta,Cardi B
1,Anitta,Chencho Corleone
1,Anitta,DJ Gabriel do Borel
1,Anitta,DaBaby
1,Anitta,Dalex
1,Anitta,Duki
2,Anitta,Dímelo Flow
1,Anitta,Farruko
5,Anitta,J Balvin
2,Anitta,Justin Quiles
1,Anitta,Khalid
1,Anitta,L7NNON
1,Anitta,Lenny Tavárez
1,Anitta,Luan Santana
1,Anitta,Lunay
2,Anitta,Luísa Sonza
1,Anitta,MC Danny
1,Anitta,MC Pedrinho
1,Anitta,Maiara & Maraisa
3,Anitta,Maluma
1,Anitta,Marília Mendonça
1,Anitta,Nile Rodgers
1,Anitta,Ozuna
2,Anitta,PEDRO SAMPAIO
1,Anitta,Pharrell Williams
1,Anitta,Rauw Alejandro
1,Anitta,Saweetie
1,Anitta,Sean Paul
1,Anitta,Sebastián Yatra
1,Anitta,Sfera Ebbasta
2,Anitta,Snoop Dogg
1,Anitta,Sofía Reyes
1,Anitta,Swae Lee
2,Anitta,TINI
1,Anitta,Tainy
1,Anitta,Tyga
3,Anitta,Wesley Safadão
4,Anuel AA,Arcángel
5,Anuel AA,Bad Bunny
1,Anuel AA,Becky G
1,Anuel AA,Bizarrap
2,Anuel AA,Black Eyed Peas
1,Anuel AA,Brray
2,Anuel AA,Cardi B
2,Anuel AA,Chencho Corleone
3,Anuel AA,Chris Jedi
1,Anuel AA,DaBaby
3,Anuel AA,Daddy Yankee
1,Anuel AA,Dalex
1,Anuel AA,David Guetta
1,Anuel AA,De La Ghetto
1,Anuel AA,Don Toliver
1,Anuel AA,Dímelo Flow
9,Anuel AA,Farruko
1,Anuel AA,Future
1,Anuel AA,Gunna
6,Anuel AA,J Balvin
4,Anuel AA,Jhayco
1,Anuel AA,Juice WRLD
1,Anuel AA,Justin Quiles
9,Anuel AA,KAROL G
1,Anuel AA,Kodak Black
1,Anuel AA,Lenny Tavárez
1,Anuel AA,Lil Durk
1,Anuel AA,Lil Wayne
1,Anuel AA,Lunay
1,Anuel AA,Lyanno
2,Anuel AA,Maluma
1,Anuel AA,Manuel Turizo
1,Anuel AA,Maroon 5
1,Anuel AA,Marshmello
1,Anuel AA,Mora
1,Anuel AA,NAV
1,Anuel AA,Nicki Minaj
1,Anuel AA,Nio García
27,Anuel AA,Ozuna
1,Anuel AA,Quevedo
2,Anuel AA,Rauw Alejandro
1,Anuel AA,Rvssian
1,Anuel AA,Ryan Castro
1,Anuel AA,Sech
1,Anuel AA,Shakira
1,Anuel AA,Snoop Dogg
2,Anuel AA,Tainy
2,Anuel AA,Zion & Lennox
7,Anuel AA,Ñengo Flow
14,Arcángel,Bad Bunny
1,Arcángel,Becky G
1,Arcángel,Beéle
2,Arcángel,Bizarrap
6,Arcángel,Brray
1,Arcángel,Cardi B
2,Arcángel,Chencho Corleone
1,Arcángel,Chris Jedi
15,Arcángel,Daddy Yankee
1,Arcángel,Dalex
5,Arcángel,De La Ghetto
1,Arcángel,Duki
4,Arcángel,Dímelo Flow
22,Arcángel,Farruko
1,Arcángel,Feid
6,Arcángel,J Balvin
3,Arcángel,Jhayco
1,Arcángel,Justin Quiles
1,Arcángel,KAROL G
2,Arcángel,Lenny Tavárez
1,Arcángel,Luar la L
1,Arcángel,Lyanno
4,Arcángel,Maluma
2,Arcángel,Manuel Turizo
3,Arcángel,Mora
2,Arcángel,Nio García
11,Arcángel,Ozuna
1,Arcángel,Quevedo
6,Arcángel,Rauw Alejandro
1,Arcángel,Rvssian
4,Arcángel,Sech
2,Arcángel,Tainy
2,Arcángel,Tony Dize
1,Arcángel,Villano Antillano
6,Arcángel,Zion & Lennox
24,Arcángel,Ñengo Flow
1,Ariana Grande,Beyoncé
1,Ariana Grande,Billie Eilish
1,Ariana Grande,Black Eyed Peas
1,Ariana Grande,Bruno Mars
1,Ariana Grande,Calvin Harris
1,Ariana Grande,Cardi B
3,Ariana Grande,Childish Gambino
2,Ariana Grande,Demi Lovato
5,Ariana Grande,Doja Cat
2,Ariana Grande,Dove Cameron
2,Ariana Grande,Dua Lipa
1,Ariana Grande,Ed Sheeran
1,Ariana Grande,Future
2,Ariana Grande,Harry Styles
2,Ariana Grande,J Balvin
2,Ariana Grande,John Legend
4,Ariana Grande,Justin Bieber
1,Ariana Grande,Katy Perry
5,Ariana Grande,Lady Gaga
3,Ariana Grande,Lana Del Rey
1,Ariana Grande,Lil Wayne
2,Ariana Grande,Lizzo
10,Ariana Grande,Mac Miller
2,Ariana Grande,Megan Thee Stallion
13,Ariana Grande,Nicki Minaj
3,Ariana Grande,Pharrell Williams
1,Ariana Grande,SZA
2,Ariana Grande,Sia
1,Ariana Grande,Taylor Swift
7,Ariana Grande,The Weeknd
1,Ariana Grande,Troye Sivan
1,Ariana Grande,Young Thug
1,Arijit Singh,Lost Frequencies
19,Arijit Singh,Pritam
1,Ava Max,Becky Hill
1,Ava Max,David Guetta
2,Ava Max,Jason Derulo
1,Ava Max,Mufasa & Hypeman
1,Ava Max,Nightcrawlers
1,Ava Max,Nile Rodgers
1,Ava Max,Paloma Faith
1,Ava Max,Riton
1,Ava Max,Saweetie
3,Ava Max,Tiësto
1,Avicii,Calvin Harris
1,Avicii,Coldplay
1,Avicii,Daft Punk
1,Avicii,David Guetta
1,Avicii,Imagine Dragons
1,Avicii,Nile Rodgers
1,Avicii,The Chainsmokers
1,BEAM,Beyoncé
1,BEAM,Don Toliver
3,BEAM,Justin Bieber
1,BEAM,Pusha T
1,BEAM,Wizkid
1,BTS,Charli XCX
1,BTS,Charlie Puth
3,BTS,Coldplay
3,BTS,Halsey
1,BTS,Jason Derulo
1,BTS,Juice WRLD
1,BTS,Jung Kook
1,BTS,Megan Thee Stallion
1,BTS,Nicki Minaj
1,BTS,SUGA
1,BTS,Sia
2,BTS,Snoop Dogg
2,BTS,benny blanco
1,Baby Keem,Brent Faiyaz
3,Baby Keem,Don Toliver
1,Baby Keem,Frank Ocean
2,Baby Keem,Kanye West
5,Baby Keem,Kendrick Lamar
1,Baby Keem,Lil Uzi Vert
2,Baby Keem,Travis Scott
10,Baby Keem,Yeat
2,Bad Bunny,Becky G
2,Bad Bunny,Cardi B
1,Bad Bunny,Chencho Corleone
5,Bad Bunny,Daddy Yankee
1,Bad Bunny,David Guetta
2,Bad Bunny,De La Ghetto
2,Bad Bunny,Drake
1,Bad Bunny,Dua Lipa
1,Bad Bunny,Duki
8,Bad Bunny,Farruko
1,Bad Bunny,Feid
1,Bad Bunny,Future
15,Bad Bunny,J Balvin
2,Bad Bunny,Jhayco
1,Bad Bunny,Juhn
1,Bad Bunny,Justin Quiles
1,Bad Bunny,KAROL G
2,Bad Bunny,Luar la L
1,Bad Bunny,Lunay
1,Bad Bunny,Maluma
2,Bad Bunny,Mora
4,Bad Bunny,Nicki Minaj
2,Bad Bunny,Nio García
3,Bad Bunny,Ozuna
1,Bad Bunny,ROSALÍA
1,Bad Bunny,Rauw Alejandro
3,Bad Bunny,Residente
2,Bad Bunny,Rvssian
1,Bad Bunny,Sech
4,Bad Bunny,Tainy
4,Bad Bunny,The Weeknd
1,Bad Bunny,Tiësto
1,Bad Bunny,Tony Dize
4,Bad Bunny,Travis Scott
1,Bad Bunny,Zion & Lennox
9,Bad Bunny,Ñengo Flow
1,Becky G,Black Eyed Peas
1,Becky G,Brray
1,Becky G,Burna Boy
1,Becky G,C. Tangana
2,Becky G,Daddy Yankee
2,Becky G,Dalex
2,Becky G,David Guetta
1,Becky G,De La Ghetto
2,Becky G,Farruko
1,Becky G,J Balvin
1,Becky G,Juhn
1,Becky G,Juicy J
1,Becky G,Justin Quiles
1,Becky G,KAROL G
1,Becky G,Lenny Tavárez
1,Becky G,Maluma
1,Becky G,María Becerra
1,Becky G,Nicki Nicole
1,Becky G,OneRepublic
1,Becky G,Ozuna
1,Becky G,Paulo Londra
1,Becky G,Rema
2,Becky G,Rvssian
1,Becky G,Saweetie
2,Becky G,Sean Paul
1,Becky G,Sech
1,Becky G,Sofía Reyes
1,Becky G,TINI
1,Becky G,Tainy
2,Becky G,Tyga
1,Becky G,Wiz Khalifa
1,Becky G,Zion & Lennox
1,Becky G,j‐hope
1,Becky Hill,Camila Cabello
4,Becky Hill,David Guetta
1,Becky Hill,Ed Sheeran
3,Becky Hill,Ella Henderson
1,Becky Hill,Jax Jones
5,Becky Hill,Joel Corry
1,Becky Hill,Khalid
1,Becky Hill,MNEK
1,Becky Hill,Mufasa & Hypeman
1,Becky Hill,Nightcrawlers
1,Becky Hill,Nile Rodgers
1,Becky Hill,Riton
2,Becky Hill,Tiësto
1,Bejo,Bizarrap
1,Bejo,Cruz Cafuné
1,Bejo,EL IMA
1,Bejo,Juseph
1,Bejo,La Pantera
1,Bejo,Quevedo
1,Bejo,Rels B
1,Beyoncé,Black Eyed Peas
1,Beyoncé,Bruno Mars
2,Beyoncé,Childish Gambino
1,Beyoncé,Chris Brown
2,Beyoncé,Coldplay
1,Beyoncé,Coolio
9,Beyoncé,DJ Khaled
1,Beyoncé,David Guetta
5,Beyoncé,Drake
1,Beyoncé,Ed Sheeran
4,Beyoncé,Eminem
1,Beyoncé,Frank Ocean
1,Beyoncé,Future
5,Beyoncé,Ghostface Killah
1,Beyoncé,Grace Jones
1,Beyoncé,J Balvin
1,Beyoncé,J. Cole
3,Beyoncé,Justin Timberlake
4,Beyoncé,Kanye West
1,Beyoncé,Katy Perry
3,Beyoncé,Kendrick Lamar
1,Beyoncé,L.V.
8,Beyoncé,Lady Gaga
1,Beyoncé,Lil Nas X
8,Beyoncé,Lil Wayne
1,Beyoncé,Maroon 5
1,Beyoncé,Megan Thee Stallion
6,Beyoncé,Nicki Minaj
2,Beyoncé,Pharrell Williams
6,Beyoncé,Sean Paul
12,Beyoncé,Shakira
1,Beyoncé,Tems
1,Beyoncé,The Weeknd
1,Beyoncé,Travis Scott
1,Beyoncé,Wizkid
1,Beéle,Blessd
1,Beéle,Dalex
1,Beéle,Danny Ocean
1,Beéle,De La Ghetto
1,Beéle,Dímelo Flow
1,Beéle,Farruko
1,Beéle,Feid
1,Beéle,Jason Derulo
1,Beéle,Lenny Tavárez
1,Beéle,Maluma
2,Beéle,Manuel Turizo
1,Beéle,Rauw Alejandro
1,Beéle,Sebastián Yatra
1,Beéle,Sofía Reyes
1,Beéle,TINI
1,Beéle,Zion & Lennox
1,Billie Eilish,Demi Lovato
1,Billie Eilish,FINNEAS
1,Billie Eilish,Justin Bieber
1,Billie Eilish,Katy Perry
1,Billie Eilish,Khalid
1,Billie Eilish,ROSALÍA
8,Bizarrap,Duki
1,Bizarrap,Justin Quiles
2,Bizarrap,L-Gante
1,Bizarrap,Lit Killah
6,Bizarrap,Nicki Nicole
1,Bizarrap,Polimá Westcoast
1,Bizarrap,Quevedo
2,Bizarrap,Rauw Alejandro
1,Bizarrap,Residente
1,Bizarrap,Shakira
1,Bizarrap,Tiago PZK
6,Bizarrap,Trueno
1,Bizarrap,Villano Antillano
1,Black Eyed Peas,Bruno Mars
1,Black Eyed Peas,Calvin Harris
1,Black Eyed Peas,Chris Brown
2,Black Eyed Peas,Daddy Yankee
7,Black Eyed Peas,David Guetta
2,Black Eyed Peas,J Balvin
1,Black Eyed Peas,John Legend
4,Black Eyed Peas,Justin Timberlake
1,Black Eyed Peas,Lady Gaga
2,Black Eyed Peas,Lil Wayne
1,Black Eyed Peas,Maluma
1,Black Eyed Peas,Maroon 5
3,Black Eyed Peas,Nicki Minaj
2,Black Eyed Peas,Ozuna
1,Black Eyed Peas,Saweetie
5,Black Eyed Peas,Shakira
2,Black Eyed Peas,Snoop Dogg
1,Black Eyed Peas,Tiësto
1,Black Eyed Peas,Tyga
1,Blessd,Brray
1,Blessd,Justin Quiles
1,Blessd,Lenny Tavárez
1,Blessd,Lyanno
1,Blessd,Maluma
1,Blessd,Manuel Turizo
1,Blessd,Ryan Castro
1,Blxst,Burna Boy
1,Blxst,Chris Brown
1,Blxst,Fireboy DML
2,Blxst,Kehlani
1,Blxst,Kendrick Lamar
1,Blxst,Roddy Ricch
1,Blxst,Russ
1,Blxst,Snoop Dogg
1,Blxst,The Game
1,Blxst,Tyga
1,Brent Faiyaz,Don Toliver
2,Brent Faiyaz,Drake
1,Brent Faiyaz,Juice WRLD
1,Brent Faiyaz,Kanye West
1,Brent Faiyaz,Marshmello
1,Brent Faiyaz,Tems
1,Bring Me the Horizon,Ed Sheeran
1,Bring Me the Horizon,Halsey
2,Bring Me the Horizon,Lil Uzi Vert
2,Bring Me the Horizon,Machine Gun Kelly
1,Bring Me the Horizon,blackbear
1,Brray,C. Tangana
2,Brray,Chencho Corleone
2,Brray,Dalex
1,Brray,De La Ghetto
1,Brray,Dímelo Flow
1,Brray,Farruko
1,Brray,Feid
1,Brray,Jhayco
2,Brray,Juhn
1,Brray,Justin Quiles
1,Brray,KAROL G
1,Brray,Lenny Tavárez
2,Brray,Luar la L
1,Brray,Lunay
4,Brray,Lyanno
1,Brray,Maluma
1,Brray,Marshmello
2,Brray,Mora
5,Brray,Nio García
2,Brray,Rauw Alejandro
1,Brray,Ryan Castro
1,Brray,Zion & Lennox
2,Brray,Álvaro Díaz
2,Brray,Ñengo Flow
2,Bruno Mars,Cardi B
1,Bruno Mars,Daft Punk
3,Bruno Mars,David Guetta
1,Bruno Mars,Dr. Dre
1,Bruno Mars,Dua Lipa
1,Bruno Mars,Ed Sheeran
1,Bruno Mars,Eminem
1,Bruno Mars,Kendrick Lamar
1,Bruno Mars,Kodak Black
3,Bruno Mars,Lil Wayne
1,Bruno Mars,Nicki Minaj
1,Bruno Mars,Pharrell Williams
1,Bruno Mars,Sia
5,Bruno Mars,Snoop Dogg
1,Bruno Mars,The Chainsmokers
1,Bruno Mars,The Weeknd
2,Bruno Mars,Tyga
6,Bruno Mars,Wiz Khalifa
3,Burna Boy,Dave
2,Burna Boy,Ed Sheeran
1,Burna Boy,Future
1,Burna Boy,J Balvin
1,Burna Boy,J. Cole
1,Burna Boy,John Legend
1,Burna Boy,Justin Bieber
1,Burna Boy,Kehlani
1,Burna Boy,Khalid
1,Burna Boy,Nile Rodgers
1,Burna Boy,Polo G
2,Burna Boy,Sia
5,Burna Boy,Wizkid
1,C. Tangana,De La Ghetto
2,C. Tangana,Duki
1,C. Tangana,Farruko
1,C. Tangana,Jhayco
1,C. Tangana,Paloma Mami
1,C. Tangana,Polimá Westcoast
2,C. Tangana,ROSALÍA
1,C. Tangana,Rauw Alejandro
1,C. Tangana,Tainy
1,C. Tangana,Álvaro Díaz
1,Calum Scott,Demi Lovato
4,Calum Scott,Jax Jones
1,Calum Scott,Lady Gaga
2,Calum Scott,Lost Frequencies
1,Calum Scott,Sean Paul
1,Calum Scott,Tiësto
1,Calvin Harris,Charlie Puth
1,Calvin Harris,Chris Brown
1,Calvin Harris,Coldplay
1,Calvin Harris,DJ Khaled
2,Calvin Harris,David Guetta
1,Calvin Harris,Demi Lovato
3,Calvin Harris,Dua Lipa
1,Calvin Harris,Ed Sheeran
13,Calvin Harris,Frank Ocean
1,Calvin Harris,Future
2,Calvin Harris,Halsey
1,Calvin Harris,John Legend
2,Calvin Harris,Justin Timberlake
2,Calvin Harris,Katy Perry
1,Calvin Harris,Kehlani
1,Calvin Harris,Khalid
1,Calvin Harris,Lady Gaga
1,Calvin Harris,Lil Durk
1,Calvin Harris,Maroon 5
2,Calvin Harris,Nicki Minaj
1,Calvin Harris,Nile Rodgers
1,Calvin Harris,Nirvana
6,Calvin Harris,Pharrell Williams
1,Calvin Harris,Pusha T
3,Calvin Harris,SZA
3,Calvin Harris,Snoop Dogg
1,Calvin Harris,Swae Lee
1,Calvin Harris,Swedish House Mafia
1,Calvin Harris,Taylor Swift
1,Calvin Harris,The Weeknd
4,Calvin Harris,Tiësto
2,Calvin Harris,Travis Scott
2,Calvin Harris,Wizkid
2,Calvin Harris,Young Thug
2,Calvin Harris,benny blanco
1,Camila Cabello,Cardi B
1,Camila Cabello,Charli XCX
1,Camila Cabello,DaBaby
1,Camila Cabello,Daddy Yankee
3,Camila Cabello,Ed Sheeran
1,Camila Cabello,Gunna
1,Camila Cabello,J Balvin
1,Camila Cabello,Jax Jones
1,Camila Cabello,Joel Corry
3,Camila Cabello,Justin Timberlake
1,Camila Cabello,Khalid
1,Camila Cabello,Machine Gun Kelly
1,Camila Cabello,María Becerra
1,Camila Cabello,Pharrell Williams
6,Camila Cabello,Shawn Mendes
1,Camila Cabello,Stromae
2,Camila Cabello,Swae Lee
2,Camila Cabello,Tainy
1,Camila Cabello,Taylor Swift
1,Camila Cabello,Tiësto
2,Camila Cabello,Travis Scott
2,Camila Cabello,Troye Sivan
1,Camila Cabello,WILLOW
3,Camila Cabello,Young Thug
1,Cardi B,Charli XCX
1,Cardi B,Chris Jedi
3,Cardi B,DJ Khaled
1,Cardi B,David Guetta
1,Cardi B,Ed Sheeran
2,Cardi B,J Balvin
1,Cardi B,Juicy J
2,Cardi B,Kanye West
1,Cardi B,Kehlani
1,Cardi B,Kodak Black
2,Cardi B,Lil Durk
1,Cardi B,Lil Nas X
1,Cardi B,Lizzo
3,Cardi B,Maroon 5
8,Cardi B,Megan Thee Stallion
2,Cardi B,Nicki Minaj
2,Cardi B,Ozuna
1,Cardi B,Post Malone
1,Cardi B,ROSALÍA
1,Cardi B,Rvssian
2,Cardi B,SZA
3,Cardi B,Summer Walker
1,Cardi B,Tiësto
3,Carolina Gaitán,Diane Guerrero
4,Carolina Gaitán,Mauro Castillo
3,Carolina Gaitán,Rhenzy Feliz
3,Carolina Gaitán,Stephanie Beatriz
4,Central Cee,Dave
1,Central Cee,Drake
1,Central Cee,Ed Sheeran
1,Central Cee,Jung Kook
1,Central Cee,Luciano
1,Central Cee,Ninho
1,Central Cee,The Kid LAROI
3,Charli XCX,David Guetta
1,Charli XCX,Drake
1,Charli XCX,Dua Lipa
2,Charli XCX,Jax Jones
2,Charli XCX,Joel Corry
1,Charli XCX,Lizzo
2,Charli XCX,Saweetie
1,Charli XCX,Taylor Swift
3,Charli XCX,Tiësto
3,Charli XCX,Troye Sivan
1,Charlie Puth,Drake
1,Charlie Puth,Elton John
2,Charlie Puth,JVKE
1,Charlie Puth,Jimin
4,Charlie Puth,Jung Kook
2,Charlie Puth,Kehlani
3,Charlie Puth,Lil Wayne
1,Charlie Puth,Muni Long
1,Charlie Puth,Tyga
2,Charlie Puth,Wiz Khalifa
1,Charlie Puth,blackbear
1,Chefin,Ed Sheeran
1,Chefin,L7NNON
1,Chefin,Luísa Sonza
1,Chefin,Matuê
1,Chefin,Vulgo FK
2,Chefin,Xamã
2,Chencho Corleone,Chris Jedi
1,Chencho Corleone,Daddy Yankee
2,Chencho Corleone,Dalex
1,Chencho Corleone,De La Ghetto
2,Chencho Corleone,Dímelo Flow
1,Chencho Corleone,Farruko
2,Chencho Corleone,J Balvin
1,Chencho Corleone,Jhayco
1,Chencho Corleone,Juhn
2,Chencho Corleone,Justin Quiles
1,Chencho Corleone,Lenny Tavárez
1,Chencho Corleone,Lunay
1,Chencho Corleone,Lyanno
2,Chencho Corleone,Maluma
1,Chencho Corleone,Nio García
3,Chencho Corleone,Ozuna
1,Chencho Corleone,ROSALÍA
2,Chencho Corleone,Rauw Alejandro
1,Chencho Corleone,Ryan Castro
1,Chencho Corleone,Tainy
2,Chencho Corleone,Ñengo Flow
1,Childish Gambino,Ghostface Killah
2,Childish Gambino,J. Cole
2,Childish Gambino,Jay Rock
1,Childish Gambino,Kanye West
1,Childish Gambino,SZA
1,Childish Gambino,Steve Lacy
1,Childish Gambino,Summer Walker
1,Childish Gambino,Travis Scott
9,Chris Brown,DJ Khaled
5,Chris Brown,David Guetta
1,Chris Brown,Dr. Dre
5,Chris Brown,Drake
1,Chris Brown,Eminem
1,Chris Brown,Fireboy DML
1,Chris Brown,Fivio Foreign
10,Chris Brown,Future
5,Chris Brown,Gunna
1,Chris Brown,J Balvin
1,Chris Brown,J. Cole
2,Chris Brown,Jack Harlow
1,Chris Brown,Jay Rock
5,Chris Brown,Juicy J
6,Chris Brown,Justin Bieber
5,Chris Brown,Kanye West
1,Chris Brown,Kendrick Lamar
2,Chris Brown,Kevin Gates
2,Chris Brown,Kodak Black
2,Chris Brown,Lil Baby
1,Chris Brown,Lil Durk
37,Chris Brown,Lil Wayne
1,Chris Brown,Maroon 5
1,Chris Brown,Marshmello
13,Chris Brown,Nicki Minaj
4,Chris Brown,Pharrell Williams
4,Chris Brown,Pusha T
1,Chris Brown,Rema
1,Chris Brown,Sean Paul
5,Chris Brown,Snoop Dogg
2,Chris Brown,Swae Lee
17,Chris Brown,The Game
64,Chris Brown,Tyga
14,Chris Brown,Wiz Khalifa
3,Chris Brown,Wizkid
12,Chris Brown,Young Thug
1,Chris Brown,Zendaya
1,Chris Jedi,J Balvin
3,Chris Jedi,Lunay
3,Chris Jedi,Ozuna
1,Chris Jedi,Ñengo Flow
10,Coldplay,Drake
2,Coldplay,Elton John
1,Coldplay,Eminem
1,Coldplay,Kanye West
1,Coldplay,Lady Gaga
2,Coldplay,Lil Wayne
1,Coldplay,Sean Paul
5,Coldplay,Swedish House Mafia
7,Coldplay,The Chainsmokers
16,Coolio,L.V.
5,Coolio,Snoop Dogg
1,Cris Mj,KAROL G
1,Cris Mj,Pailita
1,Cris Mj,Ryan Castro
1,Cruz Cafuné,EL IMA
1,Cruz Cafuné,Juseph
1,Cruz Cafuné,La Pantera
1,Cruz Cafuné,Quevedo
1,Cruz Cafuné,Rels B
1,DJ Gabriel do Borel,Luísa Sonza
1,DJ Gabriel do Borel,MC Frog
1,DJ Gustah,Vulgo FK
2,DJ Gustah,Xamã
1,DJ Guuga,Felipe Amorim
1,DJ Guuga,MC Danny
1,DJ Guuga,Marcynho Sensação
1,DJ Guuga,Wesley Safadão
1,DJ Guuga,Zé Felipe
1,DJ Khaled,DaBaby
1,DJ Khaled,Demi Lovato
1,DJ Khaled,Don Toliver
14,DJ Khaled,Drake
1,DJ Khaled,Eminem
1,DJ Khaled,Fivio Foreign
24,DJ Khaled,Future
4,DJ Khaled,Gunna
2,DJ Khaled,J Balvin
4,DJ Khaled,J. Cole
2,DJ Khaled,Jay Rock
7,DJ Khaled,John Legend
2,DJ Khaled,Juice WRLD
8,DJ Khaled,Justin Bieber
1,DJ Khaled,Justin Timberlake
7,DJ Khaled,Kanye West
3,DJ Khaled,Kendrick Lamar
4,DJ Khaled,Kodak Black
8,DJ Khaled,Lil Baby
2,DJ Khaled,Lil Durk
1,DJ Khaled,Lil Uzi Vert
44,DJ Khaled,Lil Wayne
1,DJ Khaled,Megan Thee Stallion
6,DJ Khaled,Nicki Minaj
1,DJ Khaled,Pharrell Williams
2,DJ Khaled,Post Malone
1,DJ Khaled,Pusha T
3,DJ Khaled,Roddy Ricch
2,DJ Khaled,SZA
1,DJ Khaled,Sean Paul
4,DJ Khaled,Snoop Dogg
9,DJ Khaled,The Game
7,DJ Khaled,Travis Scott
3,DJ Khaled,Tyga
3,DJ Khaled,Wiz Khalifa
1,DJ Khaled,Young Thug
1,DaBaby,Drake
1,DaBaby,Dua Lipa
2,DaBaby,Future
2,DaBaby,Gunna
1,DaBaby,J. Cole
1,DaBaby,Jack Harlow
1,DaBaby,Justin Bieber
1,DaBaby,Kanye West
2,DaBaby,Kevin Gates
1,DaBaby,Kodak Black
6,DaBaby,Lil Baby
1,DaBaby,Lil Nas X
1,DaBaby,Lil Wayne
5,DaBaby,Megan Thee Stallion
2,DaBaby,Nicki Minaj
2,DaBaby,Polo G
3,DaBaby,Post Malone
1,DaBaby,Roddy Ricch
1,DaBaby,Saweetie
1,DaBaby,Snoop Dogg
2,DaBaby,Young Thug
16,DaBaby,YoungBoy Never Broke Again
1,Daddy Yankee,Dalex
1,Daddy Yankee,David Guetta
5,Daddy Yankee,De La Ghetto
14,Daddy Yankee,Farruko
2,Daddy Yankee,Feid
3,Daddy Yankee,J Balvin
1,Daddy Yankee,Jhayco
1,Daddy Yankee,Jonas Brothers
2,Daddy Yankee,Justin Bieber
2,Daddy Yankee,Justin Quiles
1,Daddy Yankee,KAROL G
1,Daddy Yankee,Katy Perry
1,Daddy Yankee,Lunay
2,Daddy Yankee,Nile Rodgers
1,Daddy Yankee,Nio García
6,Daddy Yankee,Ozuna
1,Daddy Yankee,Pharrell Williams
2,Daddy Yankee,ROSALÍA
3,Daddy Yankee,Rauw Alejandro
1,Daddy Yankee,Sean Paul
1,Daddy Yankee,Sebastián Yatra
4,Daddy Yankee,Sech
2,Daddy Yankee,Snoop Dogg
2,Daddy Yankee,Tainy
1,Daddy Yankee,Tony Dize
11,Daddy Yankee,Zion & Lennox
3,Daddy Yankee,Ñengo Flow
1,Daft Punk,Drake
4,Daft Punk,Dua Lipa
1,Daft Punk,Eminem
2,Daft Punk,Kanye West
1,Daft Punk,Kendrick Lamar
1,Daft Punk,Lil Wayne
8,Daft Punk,Nile Rodgers
1,Daft Punk,OneRepublic
10,Daft Punk,Pharrell Williams
3,Daft Punk,Queen
1,Daft Punk,Riton
1,Daft Punk,Sia
1,Daft Punk,The Chainsmokers
1,Daft Punk,The Game
10,Daft Punk,The Weeknd
2,Dalex,De La Ghetto
17,Dalex,Dímelo Flow
3,Dalex,Farruko
9,Dalex,Feid
1,Dalex,Jhayco
1,Dalex,Juhn
24,Dalex,Justin Quiles
18,Dalex,Lenny Tavárez
1,Dalex,Lit Killah
6,Dalex,Lyanno
1,Dalex,Maluma
1,Dalex,Manuel Turizo
1,Dalex,Ozuna
4,Dalex,Rauw Alejandro
2,Dalex,Ryan Castro
1,Dalex,Sebastián Yatra
17,Dalex,Sech
1,Dalex,Tainy
2,Dalex,Zion & Lennox
1,Dalex,Álvaro Díaz
1,Dalex,Ñengo Flow
2,Daniel Caesar,GIVĒON
2,Daniel Caesar,Justin Bieber
1,Daniel Caesar,Kali Uchis
1,Daniel Caesar,Pharrell Williams
1,Daniel Caesar,Summer Walker
1,Danny Ocean,David Guetta
1,Danny Ocean,Joji
1,Danny Ocean,Justin Quiles
1,Danny Ocean,María Becerra
2,Danny Ocean,Mora
1,Danny Ocean,Ozuna
1,Danny Ocean,TINI
1,Danny Ocean,Wizkid
1,Danny Ocean,Zion & Lennox
1,Dave,Drake
1,Dave,Ed Sheeran
1,Dave,Paulo Londra
1,Dave,Wizkid
1,David Guetta,De La Ghetto
3,David Guetta,Ella Henderson
1,David Guetta,Farruko
1,David Guetta,Gunna
2,David Guetta,Imanbek
4,David Guetta,J Balvin
2,David Guetta,Jason Derulo
3,David Guetta,Joel Corry
2,David Guetta,John Legend
3,David Guetta,Justin Bieber
1,David Guetta,Katy Perry
1,David Guetta,Khalid
1,David Guetta,Lady Gaga
2,David Guetta,Lil Durk
1,David Guetta,Lil Uzi Vert
8,David Guetta,Lil Wayne
1,David Guetta,Lit Killah
1,David Guetta,MNEK
1,David Guetta,Manuel Turizo
1,David Guetta,Maroon 5
21,David Guetta,Nicki Minaj
1,David Guetta,Ozuna
1,David Guetta,Riton
1,David Guetta,Saweetie
2,David Guetta,Sean Paul
2,David Guetta,Shakira
28,David Guetta,Sia
9,David Guetta,Snoop Dogg
1,David Guetta,Sofía Reyes
1,David Guetta,Tiësto
1,David Guetta,Wizkid
1,David Guetta,Zion & Lennox
1,De La Ghetto,Duki
1,De La Ghetto,Dímelo Flow
4,De La Ghetto,Farruko
2,De La Ghetto,Feid
2,De La Ghetto,J Balvin
1,De La Ghetto,Jason Derulo
2,De La Ghetto,Jhayco
1,De La Ghetto,Juhn
5,De La Ghetto,Justin Quiles
1,De La Ghetto,KAROL G
1,De La Ghetto,L-Gante
2,De La Ghetto,Lenny Tavárez
1,De La Ghetto,Lit Killah
1,De La Ghetto,Luar la L
1,De La Ghetto,Lunay
3,De La Ghetto,Lyanno
2,De La Ghetto,Maluma
2,De La Ghetto,Manuel Turizo
1,De La Ghetto,Mora
2,De La Ghetto,Nio García
5,De La Ghetto,Ozuna
1,De La Ghetto,Paulo Londra
2,De La Ghetto,Quevedo
2,De La Ghetto,Rauw Alejandro
1,De La Ghetto,Rels B
1,De La Ghetto,Sech
3,De La Ghetto,Sofía Reyes
1,De La Ghetto,Villano Antillano
7,De La Ghetto,Zion & Lennox
2,De La Ghetto,Álvaro Díaz
7,De La Ghetto,Ñengo Flow
1,Demi Lovato,Jason Derulo
1,Demi Lovato,Jax Jones
4,Demi Lovato,Jonas Brothers
1,Demi Lovato,Katy Perry
1,Demi Lovato,LE SSERAFIM
1,Demi Lovato,Lady Gaga
1,Demi Lovato,Lil Wayne
1,Demi Lovato,Luísa Sonza
1,Demi Lovato,Marshmello
1,Demi Lovato,Nicki Minaj
2,Demi Lovato,Saweetie
1,Demi Lovato,Sean Paul
1,Demi Lovato,Taylor Swift
1,Demi Lovato,blackbear
3,Diane Guerrero,Mauro Castillo
3,Diane Guerrero,Rhenzy Feliz
4,Diane Guerrero,Stephanie Beatriz
5,Dido,Eminem
1,Dido,Jason Derulo
2,Dido,Kendrick Lamar
1,Doja Cat,Dua Lipa
1,Doja Cat,Gunna
1,Doja Cat,Harry Styles
1,Doja Cat,JID
1,Doja Cat,Jason Derulo
1,Doja Cat,Lil Nas X
1,Doja Cat,Lil Wayne
1,Doja Cat,Megan Thee Stallion
3,Doja Cat,Nicki Minaj
1,Doja Cat,Ozuna
1,Doja Cat,Post Malone
3,Doja Cat,SZA
4,Doja Cat,Saweetie
2,Doja Cat,Sia
3,Doja Cat,The Weeknd
2,Doja Cat,Tyga
2,Doja Cat,Young Thug
1,Dominic Fike,Halsey
1,Dominic Fike,Justin Bieber
1,Dominic Fike,Zendaya
1,Don Toliver,Eminem
6,Don Toliver,Future
4,Don Toliver,Gunna
3,Don Toliver,Justin Bieber
3,Don Toliver,Kali Uchis
1,Don Toliver,Kanye West
2,Don Toliver,Lil Durk
4,Don Toliver,Lil Uzi Vert
4,Don Toliver,NAV
1,Don Toliver,Pusha T
1,Don Toliver,Rema
2,Don Toliver,Roddy Ricch
1,Don Toliver,SZA
7,Don Toliver,Travis Scott
1,Don Toliver,Wiz Khalifa
2,Don Toliver,Wizkid
1,Don Toliver,Young Thug
1,Dove Cameron,Jordan Fisher
1,Dove Cameron,Khalid
1,Dove Cameron,Marshmello
1,Dr. Dre,Drake
140,Dr. Dre,Eminem
2,Dr. Dre,Jay Rock
1,Dr. Dre,Justin Timberlake
2,Dr. Dre,Kanye West
31,Dr. Dre,Kendrick Lamar
1,Dr. Dre,L.V.
1,Dr. Dre,Lil Wayne
16,Dr. Dre,Nate Dogg
1,Dr. Dre,Pusha T
2,Dr. Dre,Sean Paul
127,Dr. Dre,Snoop Dogg
26,Dr. Dre,The Game
1,Drake,Elton John
5,Drake,Eminem
1,Drake,Fivio Foreign
53,Drake,Future
2,Drake,GIVĒON
4,Drake,Gunna
5,Drake,J. Cole
1,Drake,Jack Harlow
1,Drake,John Legend
2,Drake,Juicy J
1,Drake,Justin Bieber
1,Drake,Justin Timberlake
15,Drake,Kanye West
1,Drake,Kehlani
7,Drake,Kendrick Lamar
6,Drake,Lil Baby
2,Drake,Lil Durk
104,Drake,Lil Wayne
17,Drake,Nicki Minaj
1,Drake,Ozuna
1,Drake,Playboi Carti
1,Drake,Post Malone
1,Drake,Project Pat
2,Drake,SZA
3,Drake,Sampha
1,Drake,Summer Walker
1,Drake,Swae Lee
3,Drake,Tems
6,Drake,The Game
10,Drake,The Weeknd
8,Drake,Travis Scott
6,Drake,Tyga
1,Drake,Wiz Khalifa
3,Drake,Wizkid
1,Drake,Yeat
13,Drake,Young Thug
1,Drake,Zion & Lennox
2,Dua Lipa,Elton John
1,Dua Lipa,Harry Styles
1,Dua Lipa,J Balvin
1,Dua Lipa,JID
2,Dua Lipa,Kanye West
1,Dua Lipa,Kendrick Lamar
6,Dua Lipa,Megan Thee Stallion
1,Dua Lipa,Nicki Minaj
2,Dua Lipa,Saweetie
1,Dua Lipa,Sean Paul
1,Dua Lipa,Sia
1,Dua Lipa,Swedish House Mafia
1,Dua Lipa,Tainy
1,Dua Lipa,The Chainsmokers
1,Dua Lipa,The Weeknd
1,Dua Lipa,Tiësto
1,Dua Lipa,Tones and I
1,Dua Lipa,Wizkid
1,Dua Lipa,Young Thug
1,Duki,J Balvin
1,Duki,Jhayco
1,Duki,Juhn
2,Duki,Juicy J
1,Duki,Justin Quiles
3,Duki,Lit Killah
1,Duki,Manuel Turizo
1,Duki,María Becerra
1,Duki,Mora
1,Duki,Morat
2,Duki,Nicki Nicole
1,Duki,Paulo Londra
2,Duki,Polimá Westcoast
2,Duki,Quevedo
2,Duki,Rels B
3,Duki,Sfera Ebbasta
1,Duki,TINI
1,Duki,Tiago PZK
2,Duki,Trueno
6,Dímelo Flow,Farruko
2,Dímelo Flow,Feid
1,Dímelo Flow,J Balvin
15,Dímelo Flow,Justin Quiles
7,Dímelo Flow,Lenny Tavárez
1,Dímelo Flow,Lunay
2,Dímelo Flow,Lyanno
1,Dímelo Flow,María Becerra
1,Dímelo Flow,Nio García
1,Dímelo Flow,Ozuna
3,Dímelo Flow,Rauw Alejandro
1,Dímelo Flow,Ryan Castro
9,Dímelo Flow,Sech
1,Dímelo Flow,Zion & Lennox
2,Dímelo Flow,Ñengo Flow
1,EL IMA,Juseph
1,EL IMA,La Pantera
1,EL IMA,Quevedo
3,Ed Sheeran,Elton John
3,Ed Sheeran,Eminem
1,Ed Sheeran,Fireboy DML
2,Ed Sheeran,Future
3,Ed Sheeran,J Balvin
1,Ed Sheeran,Jax Jones
1,Ed Sheeran,Justin Bieber
1,Ed Sheeran,Khalid
2,Ed Sheeran,Labrinth
1,Ed Sheeran,Lil Baby
1,Ed Sheeran,Macklemore & Ryan Lewis
1,Ed Sheeran,Maroon 5
1,Ed Sheeran,PSY
2,Ed Sheeran,Paulo Londra
1,Ed Sheeran,Quevedo
1,Ed Sheeran,Russ
7,Ed Sheeran,Taylor Swift
3,Ed Sheeran,The Game
1,Ed Sheeran,The Weeknd
1,Ed Sheeran,Travis Scott
1,Ed Sheeran,Young Thug
1,Ed Sheeran,Zion & Lennox
3,Ella Henderson,Jax Jones
1,Ella Henderson,Joel Corry
2,Elton John,Eminem
1,Elton John,John Legend
1,Elton John,Justin Timberlake
2,Elton John,Kanye West
4,Elton John,Lady Gaga
1,Elton John,Lil Nas X
1,Elton John,Nicki Minaj
1,Elton John,Nile Rodgers
13,Elton John,PNAU
4,Elton John,Queen
1,Elton John,Snoop Dogg
2,Elton John,Young Thug
1,Em Beihold,GAYLE
1,Eminem,Grace Jones
1,Eminem,Jack Harlow
1,Eminem,Juice WRLD
10,Eminem,Kanye West
2,Eminem,Kehlani
1,Eminem,Kendrick Lamar
1,Eminem,Labrinth
24,Eminem,Lil Wayne
19,Eminem,Nate Dogg
8,Eminem,Nicki Minaj
1,Eminem,Polo G
2,Eminem,Sia
10,Eminem,Snoop Dogg
4,Eminem,The Game
1,Eminem,The Weeknd
1,Eminem,Tiësto
1,Eminem,Tyga
2,FINNEAS,Grayson Villanueva
2,FINNEAS,Jordan Fisher
2,FINNEAS,Josh Levi
2,FINNEAS,Topher Ngo
5,Farruko,J Balvin
1,Farruko,Jason Derulo
1,Farruko,Jhayco
1,Farruko,Juhn
9,Farruko,Justin Quiles
2,Farruko,Lenny Tavárez
1,Farruko,Luar la L
1,Farruko,Lunay
1,Farruko,Maluma
2,Farruko,Manuel Turizo
2,Farruko,Marshmello
1,Farruko,María Becerra
1,Farruko,Mora
4,Farruko,Nicki Minaj
1,Farruko,Nio García
5,Farruko,Ozuna
1,Farruko,ROSALÍA
4,Farruko,Rauw Alejandro
4,Farruko,Rvssian
1,Farruko,Sean Paul
2,Farruko,Sebastián Yatra
4,Farruko,Sech
1,Farruko,Tiësto
1,Farruko,Tony Dize
2,Farruko,Travis Scott
8,Farruko,Zion & Lennox
24,Farruko,Ñengo Flow
3,Feid,J Balvin
1,Feid,Jhayco
10,Feid,Justin Quiles
1,Feid,KAROL G
8,Feid,Lenny Tavárez
1,Feid,Mahmood
2,Feid,Maluma
1,Feid,Manuel Turizo
1,Feid,Mora
1,Feid,Ozuna
1,Feid,Pailita
1,Feid,Paulo Londra
1,Feid,Rauw Alejandro
1,Feid,Rels B
1,Feid,Rema
3,Feid,Ryan Castro
1,Feid,Sean Paul
1,Feid,Sebastián Yatra
12,Feid,Sech
1,Feid,Sfera Ebbasta
2,Feid,Tainy
3,Feid,Zion & Lennox
3,Feid,Álvaro Díaz
1,Feid,Ñengo Flow
1,Felipe Amorim,MC Pedrinho
1,Felipe Amorim,Zé Felipe
1,Fireboy DML,Jax Jones
1,Fireboy DML,Rema
1,Fivio Foreign,Frank Ocean
2,Fivio Foreign,Kanye West
2,Fivio Foreign,King Von
1,Fivio Foreign,Lil Baby
7,Fivio Foreign,Lil Tjay
1,Fivio Foreign,Luciano
8,Fivio Foreign,Nicki Minaj
1,Fivio Foreign,Playboi Carti
4,Fivio Foreign,Polo G
1,Fivio Foreign,Roddy Ricch
1,Fivio Foreign,Sfera Ebbasta
2,Fivio Foreign,Sleepy Hallow
1,Fivio Foreign,The Game
1,Fivio Foreign,The Kid LAROI
18,Frank Ocean,Kanye West
1,Frank Ocean,Kendrick Lamar
1,Frank Ocean,Lil Baby
2,Frank Ocean,Lil Uzi Vert
3,Frank Ocean,Playboi Carti
1,Frank Ocean,Sampha
1,Frank Ocean,Sia
2,Frank Ocean,The Weeknd
10,Future,Gunna
1,Future,Halsey
1,Future,J Balvin
1,Future,Jay Rock
13,Future,Juice WRLD
8,Future,Juicy J
2,Future,Justin Bieber
5,Future,Kanye West
3,Future,Kendrick Lamar
4,Future,Kevin Gates
1,Future,Khalid
5,Future,Kodak Black
15,Future,Lil Baby
11,Future,Lil Durk
30,Future,Lil Uzi Vert
13,Future,Lil Wayne
4,Future,Mac Miller
2,Future,Maroon 5
1,Future,Megan Thee Stallion
3,Future,NAV
9,Future,Nicki Minaj
3,Future,Pharrell Williams
2,Future,Playboi Carti
1,Future,Polo G
1,Future,Post Malone
8,Future,Pusha T
1,Future,Rauw Alejandro
4,Future,Roddy Ricch
2,Future,Rvssian
2,Future,SZA
1,Future,Sfera Ebbasta
1,Future,Snoop Dogg
3,Future,Southside
4,Future,Swae Lee
3,Future,Swedish House Mafia
1,Future,Taylor Swift
2,Future,Tems
2,Future,The Game
2,Future,The Kid LAROI
7,Future,The Weeknd
10,Future,Travis Scott
6,Future,Tyga
4,Future,Wiz Khalifa
64,Future,Young Thug
2,Future,YoungBoy Never Broke Again
3,GAYLE,blackbear
2,GIVĒON,Justin Bieber
1,GIVĒON,Lil Durk
1,Gesaffelstein,Pharrell Williams
6,Gesaffelstein,The Weeknd
1,Ghostface Killah,John Legend
1,Ghostface Killah,Kanye West
2,Ghostface Killah,Kendrick Lamar
1,Ghostface Killah,Lil Wayne
4,Ghostface Killah,Nate Dogg
1,Ghostface Killah,Pusha T
1,Ghostface Killah,Russ
1,Ghostface Killah,Snoop Dogg
2,Ghostface Killah,Summer Walker
1,Ghostface Killah,The Game
2,Ghostface Killah,Tyga
1,Ghostface Killah,Wiz Khalifa
1,Grace Jones,Tems
2,Grayson Villanueva,Jordan Fisher
2,Grayson Villanueva,Josh Levi
2,Grayson Villanueva,Topher Ngo
1,Gunna,Imanbek
4,Gunna,Juice WRLD
2,Gunna,Kodak Black
29,Gunna,Lil Baby
7,Gunna,Lil Durk
7,Gunna,Lil Uzi Vert
2,Gunna,Lil Wayne
1,Gunna,Machine Gun Kelly
1,Gunna,Megan Thee Stallion
11,Gunna,NAV
4,Gunna,Playboi Carti
2,Gunna,Polo G
1,Gunna,Post Malone
7,Gunna,Roddy Ricch
1,Gunna,Southside
1,Gunna,The Kid LAROI
7,Gunna,Travis Scott
1,Gunna,Tyga
1,Gunna,Wiz Khalifa
1,Gunna,Yeat
60,Gunna,Young Thug
1,Gunna,iann dior
1,Gusttavo Lima,Hugo & Guilherme
5,Gusttavo Lima,Jorge & Mateus
1,Gusttavo Lima,Luan Santana
1,Gusttavo Lima,Swedish House Mafia
1,Gusttavo Lima,Xand Avião
2,Gusttavo Lima,Zé Felipe
1,Halsey,Imagine Dragons
1,Halsey,Jason Derulo
3,Halsey,Juice WRLD
1,Halsey,Justin Bieber
2,Halsey,Justin Timberlake
2,Halsey,Khalid
1,Halsey,MNEK
1,Halsey,Machine Gun Kelly
1,Halsey,Marshmello
2,Halsey,Pharrell Williams
1,Halsey,Post Malone
2,Halsey,SUGA
3,Halsey,The Chainsmokers
1,Halsey,Troye Sivan
2,Halsey,benny blanco
1,Harry Styles,Tones and I
1,Hugo & Guilherme,Jorge & Mateus
1,Hugo & Guilherme,Maiara & Maraisa
1,Hugo & Guilherme,Mari Fernandez
4,Hugo & Guilherme,Marília Mendonça
1,IVE,Kep1er
1,IVE,LE SSERAFIM
1,IVE,NewJeans
2,Imagine Dragons,JID
1,Imagine Dragons,Jason Derulo
1,Imagine Dragons,Kendrick Lamar
1,Imagine Dragons,Khalid
2,Imagine Dragons,Lil Wayne
1,Imagine Dragons,MNEK
1,Imagine Dragons,Troye Sivan
1,Imagine Dragons,Wiz Khalifa
1,Imanbek,Marshmello
1,Imanbek,Sean Paul
1,Imanbek,Sofía Reyes
1,Imanbek,Wiz Khalifa
1,Irama,Lazza
14,Irama,Rkomi
1,Irama,Sfera Ebbasta
4,J Balvin,Jhayco
2,J Balvin,Justin Bieber
2,J Balvin,Justin Quiles
3,J Balvin,KAROL G
1,J Balvin,Khalid
1,J Balvin,Lenny Tavárez
1,J Balvin,Lil Baby
3,J Balvin,Maluma
1,J Balvin,Maroon 5
2,J Balvin,María Becerra
1,J Balvin,Nio García
9,J Balvin,Ozuna
3,J Balvin,Pharrell Williams
1,J Balvin,Polimá Westcoast
1,J Balvin,Post Malone
1,J Balvin,Quevedo
2,J Balvin,ROSALÍA
1,J Balvin,Rauw Alejandro
1,J Balvin,Rvssian
1,J Balvin,Ryan Castro
2,J Balvin,Sean Paul
3,J Balvin,Sech
1,J Balvin,Sfera Ebbasta
1,J Balvin,Shakira
1,J Balvin,Swae Lee
7,J Balvin,Tainy
1,J Balvin,Trueno
3,J Balvin,Tyga
1,J Balvin,Wizkid
1,J Balvin,XXXTENTACION
5,J Balvin,Zion & Lennox
2,J Balvin,benny blanco
1,J Balvin,iann dior
1,J Balvin,thasup
2,J Balvin,Ñengo Flow
7,J. Cole,JID
1,J. Cole,Jay Rock
1,J. Cole,Justin Timberlake
1,J. Cole,Kanye West
7,J. Cole,Kendrick Lamar
1,J. Cole,Lil Baby
1,J. Cole,Lil Durk
1,J. Cole,Lil Tjay
1,J. Cole,Lil Wayne
1,J. Cole,Maroon 5
1,J. Cole,Pusha T
1,J. Cole,Summer Walker
1,J. Cole,The Game
2,J. Cole,Travis Scott
3,J. Cole,Tyga
1,J. Cole,Wiz Khalifa
3,J. Cole,Young Thug
1,J. Cole,j‐hope
1,JID,Jay Rock
1,JID,John Legend
1,JID,Khalid
1,JID,Lil Durk
1,JID,Lil Wayne
2,JID,NewJeans
3,JVKE,Jimin
2,JVKE,Kodak Black
3,JVKE,Muni Long
1,Jack Harlow,Jay Rock
3,Jack Harlow,Jung Kook
1,Jack Harlow,Justin Timberlake
1,Jack Harlow,Lil Baby
1,Jack Harlow,Lil Durk
3,Jack Harlow,Lil Nas X
1,Jack Harlow,Lil Wayne
1,Jack Harlow,Pharrell Williams
1,Jack Harlow,Post Malone
1,Jack Harlow,Saweetie
1,James Arthur,Juicy J
1,James Arthur,Lost Frequencies
2,James Arthur,Machine Gun Kelly
1,James Arthur,Marshmello
1,James Arthur,Sofía Reyes
1,Jason Derulo,Juicy J
2,Jason Derulo,Kodak Black
1,Jason Derulo,MNEK
2,Jason Derulo,Maluma
21,Jason Derulo,Nicki Minaj
1,Jason Derulo,Rema
1,Jason Derulo,Saweetie
1,Jason Derulo,Sia
1,Jason Derulo,Snoop Dogg
1,Jason Derulo,Sofía Reyes
2,Jason Derulo,The Game
1,Jason Derulo,Troye Sivan
2,Jason Derulo,Tyga
2,Jax Jones,Joel Corry
1,Jax Jones,Khalid
4,Jax Jones,MNEK
1,Jax Jones,Mae Muller
2,Jax Jones,Saweetie
1,Jay Rock,Juicy J
98,Jay Rock,Kendrick Lamar
8,Jay Rock,Lil Wayne
1,Jay Rock,Nate Dogg
1,Jay Rock,Project Pat
3,Jay Rock,SZA
2,Jay Rock,Snoop Dogg
7,Jay Rock,The Game
1,Jhayco,Juhn
1,Jhayco,KAROL G
1,Jhayco,Kali Uchis
1,Jhayco,Luar la L
2,Jhayco,Lunay
2,Jhayco,Mora
3,Jhayco,Ozuna
2,Jhayco,Rauw Alejandro
1,Jhayco,Ryan Castro
1,Jhayco,Sebastián Yatra
2,Jhayco,Sech
1,Jhayco,Sofía Reyes
1,Jhayco,TINI
3,Jhayco,Tainy
1,Jhayco,Zion & Lennox
1,Jhayco,Álvaro Díaz
2,Jhayco,Ñengo Flow
1,Jimin,Jung Kook
2,Jimin,Kodak Black
3,Jimin,Muni Long
4,Joel Corry,MNEK
2,Joel Corry,Saweetie
1,Joel Corry,Shawn Mendes
1,Joel Corry,Tiësto
42,John Legend,Kanye West
1,John Legend,Lady Gaga
7,John Legend,Lil Wayne
1,John Legend,Muni Long
1,John Legend,Nile Rodgers
1,John Legend,Paloma Faith
2,John Legend,Pusha T
2,John Legend,Saweetie
1,John Legend,Sebastián Yatra
4,John Legend,Snoop Dogg
1,John Legend,Tiësto
1,John Legend,Travis Scott
1,Joji,Swae Lee
1,Jonas Brothers,KAROL G
1,Jonas Brothers,Marshmello
1,Jonas Brothers,Sebastián Yatra
2,Jordan Fisher,Josh Levi
2,Jordan Fisher,Topher Ngo
2,Jorge & Mateus,Luan Santana
3,Jorge & Mateus,Maiara & Maraisa
1,Jorge & Mateus,Marília Mendonça
2,Josh Levi,Topher Ngo
1,Juhn,Justin Quiles
2,Juhn,Lenny Tavárez
1,Juhn,Luar la L
1,Juhn,Lyanno
1,Juhn,Maluma
1,Juhn,Nio García
2,Juhn,Ozuna
1,Juhn,Rauw Alejandro
2,Juhn,Ñengo Flow
1,Juice WRLD,Justin Bieber
3,Juice WRLD,Kodak Black
2,Juice WRLD,Lil Durk
2,Juice WRLD,Lil Uzi Vert
1,Juice WRLD,Maroon 5
4,Juice WRLD,Marshmello
2,Juice WRLD,Nicki Minaj
4,Juice WRLD,Polo G
1,Juice WRLD,Post Malone
1,Juice WRLD,Roddy Ricch
2,Juice WRLD,Rvssian
1,Juice WRLD,SUGA
1,Juice WRLD,Southside
1,Juice WRLD,The Chainsmokers
8,Juice WRLD,The Kid LAROI
1,Juice WRLD,The Weeknd
1,Juice WRLD,Wiz Khalifa
12,Juice WRLD,Young Thug
1,Juice WRLD,YoungBoy Never Broke Again
3,Juice WRLD,benny blanco
1,Juicy J,Justin Bieber
1,Juicy J,Justin Timberlake
2,Juicy J,Katy Perry
1,Juicy J,Kendrick Lamar
6,Juicy J,Kevin Gates
1,Juicy J,Lil Baby
8,Juicy J,Lil Wayne
3,Juicy J,Mac Miller
1,Juicy J,Machine Gun Kelly
2,Juicy J,Marshmello
4,Juicy J,Megan Thee Stallion
7,Juicy J,Nicki Minaj
123,Juicy J,Project Pat
2,Juicy J,Pusha T
2,Juicy J,Sean Paul
7,Juicy J,Snoop Dogg
2,Juicy J,The Game
3,Juicy J,The Weeknd
3,Juicy J,Travis Scott
3,Juicy J,Tyga
100,Juicy J,Wiz Khalifa
1,Juicy J,XXXTENTACION
3,Juicy J,Young Thug
1,Juicy J,Yung Gravy
1,Juicy J,blackbear
1,Jung Kook,Justin Timberlake
1,Jung Kook,The Kid LAROI
1,Junior H,Paloma Mami
1,Junior H,Rauw Alejandro
2,Juseph,La Pantera
1,Juseph,Quevedo
1,Justin Bieber,Justin Timberlake
2,Justin Bieber,Kanye West
2,Justin Bieber,Kehlani
1,Justin Bieber,Khalid
1,Justin Bieber,Lady Gaga
1,Justin Bieber,Lil Uzi Vert
6,Justin Bieber,Lil Wayne
1,Justin Bieber,Mac Miller
1,Justin Bieber,Marshmello
2,Justin Bieber,Nicki Minaj
3,Justin Bieber,Omah Lay
1,Justin Bieber,Ozuna
5,Justin Bieber,Post Malone
1,Justin Bieber,SZA
1,Justin Bieber,Sean Paul
1,Justin Bieber,Shawn Mendes
1,Justin Bieber,Snoop Dogg
1,Justin Bieber,Summer Walker
1,Justin Bieber,Tems
4,Justin Bieber,The Kid LAROI
1,Justin Bieber,The Weeknd
2,Justin Bieber,Tiësto
4,Justin Bieber,Travis Scott
2,Justin Bieber,Tyga
1,Justin Bieber,Wizkid
3,Justin Bieber,Young Thug
1,Justin Bieber,Zion & Lennox
3,Justin Bieber,benny blanco
1,Justin Bieber,iann dior
1,Justin Quiles,KAROL G
1,Justin Quiles,L-Gante
17,Justin Quiles,Lenny Tavárez
1,Justin Quiles,Lyanno
3,Justin Quiles,Maluma
2,Justin Quiles,Manuel Turizo
1,Justin Quiles,Nio García
1,Justin Quiles,Ozuna
1,Justin Quiles,Paulo Londra
2,Justin Quiles,Rauw Alejandro
1,Justin Quiles,Rels B
1,Justin Quiles,Ryan Castro
1,Justin Quiles,Sean Paul
1,Justin Quiles,Sebastián Yatra
18,Justin Quiles,Sech
1,Justin Quiles,Tainy
4,Justin Quiles,Zion & Lennox
2,Justin Quiles,Ñengo Flow
2,Justin Timberlake,Lady Gaga
2,Justin Timberlake,Lil Wayne
5,Justin Timberlake,Pharrell Williams
1,Justin Timberlake,Pusha T
1,Justin Timberlake,SZA
10,Justin Timberlake,Snoop Dogg
6,Justin Timberlake,The Game
3,Justin Timberlake,Troye Sivan
2,KAROL G,Kali Uchis
1,KAROL G,Maluma
1,KAROL G,Nicki Minaj
3,KAROL G,Ozuna
1,KAROL G,Quevedo
1,KAROL G,Ryan Castro
1,KAROL G,Sean Paul
1,KAROL G,Sebastián Yatra
1,KAROL G,Sech
1,KAROL G,Shakira
1,KAROL G,Snoop Dogg
1,KAROL G,TINI
2,KAROL G,Tiësto
1,Kali Uchis,Mac Miller
1,Kali Uchis,Ozuna
1,Kali Uchis,Rauw Alejandro
1,Kali Uchis,SZA
1,Kali Uchis,Snoop Dogg
2,Kali Uchis,Steve Lacy
1,Kali Uchis,Summer Walker
1,Kali Uchis,Tainy
1,Kanye West,Katy Perry
5,Kanye West,Kendrick Lamar
2,Kanye West,Lady Gaga
3,Kanye West,Lil Baby
4,Kanye West,Lil Durk
1,Kanye West,Lil Uzi Vert
26,Kanye West,Lil Wayne
1,Kanye West,Lost Frequencies
1,Kanye West,Maroon 5
6,Kanye West,Nicki Minaj
8,Kanye West,Pharrell Williams
4,Kanye West,Playboi Carti
5,Kanye West,Post Malone
1,Kanye West,Project Pat
31,Kanye West,Pusha T
1,Kanye West,Roddy Ricch
1,Kanye West,Sampha
1,Kanye West,Sia
2,Kanye West,Snoop Dogg
3,Kanye West,Stromae
24,Kanye West,The Game
4,Kanye West,The Weeknd
9,Kanye West,Travis Scott
3,Kanye West,Tyga
4,Kanye West,XXXTENTACION
9,Kanye West,Young Thug
1,Katy Perry,Lady Gaga
1,Katy Perry,Luísa Sonza
4,Katy Perry,Nicki Minaj
2,Katy Perry,Pharrell Williams
1,Katy Perry,Sia
10,Katy Perry,Snoop Dogg
1,Katy Perry,Tiësto
1,Kehlani,Megan Thee Stallion
1,Kehlani,Post Malone
1,Kehlani,Pusha T
1,Kehlani,Russ
1,Kehlani,YoungBoy Never Broke Again
1,Kendrick Lamar,Kevin Gates
1,Kendrick Lamar,Kodak Black
6,Kendrick Lamar,Lil Wayne
5,Kendrick Lamar,Mac Miller
1,Kendrick Lamar,Machine Gun Kelly
2,Kendrick Lamar,Maroon 5
1,Kendrick Lamar,Nate Dogg
3,Kendrick Lamar,Pharrell Williams
2,Kendrick Lamar,Pusha T
9,Kendrick Lamar,SZA
1,Kendrick Lamar,Sampha
2,Kendrick Lamar,Sia
3,Kendrick Lamar,Snoop Dogg
2,Kendrick Lamar,Summer Walker
5,Kendrick Lamar,Taylor Swift
1,Kendrick Lamar,The Chainsmokers
8,Kendrick Lamar,The Game
4,Kendrick Lamar,The Weeknd
2,Kendrick Lamar,Travis Scott
2,Kendrick Lamar,Tyga
1,Kendrick Lamar,Wiz Khalifa
1,Kep1er,LE SSERAFIM
1,Kep1er,NewJeans
1,Kevin Gates,King Von
1,Kevin Gates,Kodak Black
2,Kevin Gates,Lil Durk
2,Kevin Gates,Mac Miller
1,Kevin Gates,Polo G
1,Kevin Gates,Pusha T
1,Kevin Gates,Rvssian
1,Kevin Gates,Snoop Dogg
2,Kevin Gates,The Game
1,Kevin Gates,Wiz Khalifa
2,Kevin Gates,Young Thug
5,Kevin Gates,YoungBoy Never Broke Again
3,Khalid,Marshmello
1,Khalid,Megan Thee Stallion
1,Khalid,PNAU
1,Khalid,Post Malone
2,Khalid,SZA
2,Khalid,Shawn Mendes
1,Khalid,Summer Walker
2,Khalid,Swae Lee
1,Khalid,Tate McRae
1,Khalid,Tems
2,Khalid,benny blanco
17,King Von,Lil Durk
3,King Von,Polo G
2,Kodak Black,Lil Baby
3,Kodak Black,Lil Durk
1,Kodak Black,Lil Uzi Vert
1,Kodak Black,Lil Wayne
2,Kodak Black,Muni Long
2,Kodak Black,Playboi Carti
2,Kodak Black,Roddy Ricch
3,Kodak Black,Travis Scott
2,Kodak Black,XXXTENTACION
1,Kodak Black,Young Thug
1,Kodak Black,YoungBoy Never Broke Again
1,Kodak Black,Ñengo Flow
1,L-Gante,Lit Killah
1,L-Gante,Sebastián Yatra
1,L-Gante,Sofía Reyes
1,L-Gante,TINI
1,L.V.,Snoop Dogg
1,L7NNON,Luísa Sonza
1,L7NNON,Matuê
3,L7NNON,Xamã
1,LE SSERAFIM,NewJeans
1,LE SSERAFIM,Nile Rodgers
1,La Pantera,Quevedo
1,Labrinth,Lost Frequencies
1,Labrinth,Nicki Minaj
1,Labrinth,Pusha T
5,Labrinth,Sia
1,Labrinth,The Weeknd
3,Labrinth,Zendaya
1,Lady Gaga,Nicki Minaj
1,Lady Gaga,Nile Rodgers
2,Lady Gaga,Queen
1,Lady Gaga,Sean Paul
1,Lady Gaga,Snoop Dogg
1,Lady Gaga,The Weeknd
2,Lady Gaga,Tiësto
1,Lana Del Rey,Mac Miller
1,Lana Del Rey,Playboi Carti
1,Lana Del Rey,Snoop Dogg
2,Lana Del Rey,Taylor Swift
8,Lana Del Rey,The Weeknd
1,Lazza,Rkomi
4,Lazza,Sfera Ebbasta
2,Lazza,thasup
1,Lenny Tavárez,Lunay
3,Lenny Tavárez,Lyanno
3,Lenny Tavárez,Maluma
1,Lenny Tavárez,Manuel Turizo
1,Lenny Tavárez,María Becerra
2,Lenny Tavárez,Nio García
1,Lenny Tavárez,Ozuna
1,Lenny Tavárez,Paulo Londra
2,Lenny Tavárez,Rauw Alejandro
2,Lenny Tavárez,Rels B
1,Lenny Tavárez,Sebastián Yatra
13,Lenny Tavárez,Sech
3,Lenny Tavárez,Zion & Lennox
27,Lil Baby,Lil Durk
2,Lil Baby,Lil Tjay
3,Lil Baby,Lil Uzi Vert
1,Lil Baby,Lil Wayne
1,Lil Baby,Luciano
1,Lil Baby,Megan Thee Stallion
3,Lil Baby,NAV
2,Lil Baby,Nicki Minaj
1,Lil Baby,Ninho
4,Lil Baby,Polo G
2,Lil Baby,Post Malone
1,Lil Baby,ROSALÍA
2,Lil Baby,Roddy Ricch
1,Lil Baby,Rvssian
1,Lil Baby,Sfera Ebbasta
2,Lil Baby,The Weeknd
2,Lil Baby,Travis Scott
15,Lil Baby,Young Thug
4,Lil Baby,YoungBoy Never Broke Again
1,Lil Baby,Yung Gravy
1,Lil Baby,iann dior
1,Lil Durk,Lil Tjay
3,Lil Durk,Lil Uzi Vert
1,Lil Durk,Lil Wayne
1,Lil Durk,Megan Thee Stallion
6,Lil Durk,NAV
2,Lil Durk,Nicki Minaj
7,Lil Durk,Polo G
3,Lil Durk,Roddy Ricch
1,Lil Durk,Snoop Dogg
3,Lil Durk,Summer Walker
2,Lil Durk,The Kid LAROI
2,Lil Durk,Travis Scott
1,Lil Durk,XXXTENTACION
13,Lil Durk,Young Thug
1,Lil Nas X,Lil Wayne
1,Lil Nas X,Megan Thee Stallion
1,Lil Nas X,Young Thug
1,Lil Nas X,YoungBoy Never Broke Again
1,Lil Tjay,Lil Wayne
1,Lil Tjay,Luar la L
6,Lil Tjay,Polo G
1,Lil Tjay,Saweetie
2,Lil Tjay,Sleepy Hallow
1,Lil Tjay,Summer Walker
1,Lil Tjay,Swae Lee
2,Lil Tjay,The Kid LAROI
1,Lil Tjay,Wiz Khalifa
1,Lil Tjay,YoungBoy Never Broke Again
1,Lil Uzi Vert,Lil Wayne
4,Lil Uzi Vert,Mac Miller
1,Lil Uzi Vert,Megan Thee Stallion
8,Lil Uzi Vert,NAV
4,Lil Uzi Vert,Nicki Minaj
2,Lil Uzi Vert,Pharrell Williams
23,Lil Uzi Vert,Playboi Carti
3,Lil Uzi Vert,Post Malone
1,Lil Uzi Vert,Pusha T
1,Lil Uzi Vert,Southside
2,Lil Uzi Vert,The Weeknd
6,Lil Uzi Vert,Travis Scott
4,Lil Uzi Vert,Wiz Khalifa
1,Lil Uzi Vert,XXXTENTACION
3,Lil Uzi Vert,Yeat
16,Lil Uzi Vert,Young Thug
2,Lil Uzi Vert,YoungBoy Never Broke Again
1,Lil Uzi Vert,iann dior
1,Lil Wayne,Mac Miller
2,Lil Wayne,Machine Gun Kelly
64,Lil Wayne,Nicki Minaj
1,Lil Wayne,Ozuna
6,Lil Wayne,Pharrell Williams
1,Lil Wayne,Polo G
1,Lil Wayne,Post Malone
1,Lil Wayne,Pusha T
1,Lil Wayne,Roddy Ricch
2,Lil Wayne,Saweetie
2,Lil Wayne,Sean Paul
2,Lil Wayne,Shakira
10,Lil Wayne,Snoop Dogg
1,Lil Wayne,Swae Lee
38,Lil Wayne,The Game
3,Lil Wayne,The Weeknd
2,Lil Wayne,Travis Scott
36,Lil Wayne,Tyga
6,Lil Wayne,Wiz Khalifa
4,Lil Wayne,XXXTENTACION
3,Lil Wayne,Young Thug
2,Lil Wayne,YoungBoy Never Broke Again
1,Lil Wayne,Yung Gravy
2,Lit Killah,María Becerra
1,Lit Killah,Nicki Nicole
1,Lit Killah,Paulo Londra
4,Lit Killah,Tiago PZK
1,Lizzo,SZA
1,Lost Frequencies,Macklemore
1,Lost Frequencies,Pritam
1,Lost Frequencies,Sia
3,Luan Santana,Luísa Sonza
1,Luan Santana,Marília Mendonça
1,Luan Santana,Wesley Safadão
1,Luar la L,Mora
1,Luar la L,Nio García
1,Luar la L,Ozuna
1,Luar la L,Rauw Alejandro
1,Luar la L,Ñengo Flow
1,Luciano,Sfera Ebbasta
1,Luciano,Snoop Dogg
2,Lunay,Lyanno
1,Lunay,Mora
1,Lunay,Nicki Nicole
3,Lunay,Ozuna
3,Lunay,Rauw Alejandro
1,Lunay,Sech
1,Lunay,Zion & Lennox
1,Lunay,Álvaro Díaz
1,Luísa Sonza,MC Frog
1,Luísa Sonza,Mari Fernandez
1,Luísa Sonza,Marshmello
1,Luísa Sonza,Marília Mendonça
1,Luísa Sonza,PEDRO SAMPAIO
2,Luísa Sonza,Xamã
1,Lyanno,María Becerra
1,Lyanno,Ozuna
12,Lyanno,Rauw Alejandro
1,Lyanno,Sech
1,Lyanno,Zion & Lennox
1,Lyanno,Álvaro Díaz
1,Lyanno,Ñengo Flow
1,MC Danny,Marcynho Sensação
1,MC Danny,Zé Felipe
1,MC Pedrinho,PEDRO SAMPAIO
2,MNEK,Riton
1,MNEK,Troye Sivan
1,Mac Miller,Maroon 5
3,Mac Miller,Post Malone
1,Mac Miller,Project Pat
1,Mac Miller,SZA
1,Mac Miller,Sia
19,Mac Miller,Wiz Khalifa
1,Mac Miller,Young Thug
1,Machine Gun Kelly,Pusha T
1,Machine Gun Kelly,Snoop Dogg
2,Machine Gun Kelly,The Kid LAROI
1,Machine Gun Kelly,WILLOW
2,Machine Gun Kelly,Wiz Khalifa
4,Machine Gun Kelly,Young Thug
8,Machine Gun Kelly,blackbear
4,Machine Gun Kelly,iann dior
1,Macklemore,Nirvana
1,Macklemore,Snoop Dogg
1,Macklemore,Tones and I
2,Mae Muller,Polo G
2,Mahmood,Sfera Ebbasta
2,Mahmood,thasup
1,Maiara & Maraisa,Mari Fernandez
37,Maiara & Maraisa,Marília Mendonça
1,Maiara & Maraisa,Zé Felipe
2,Maluma,Manuel Turizo
2,Maluma,Megan Thee Stallion
1,Maluma,Nicki Minaj
1,Maluma,Olga Merediz
1,Maluma,Ozuna
1,Maluma,Quevedo
1,Maluma,Rauw Alejandro
1,Maluma,Ryan Castro
1,Maluma,Sean Paul
1,Maluma,Sech
4,Maluma,Shakira
1,Maluma,Stephanie Beatriz
1,Maluma,Swae Lee
1,Maluma,The Chainsmokers
1,Maluma,The Weeknd
1,Maluma,Tyga
1,Maluma,XXXTENTACION
2,Maluma,Zion & Lennox
2,Maluma,Ñengo Flow
1,Manuel Turizo,Marshmello
1,Manuel Turizo,María Becerra
1,Manuel Turizo,Nio García
2,Manuel Turizo,Ozuna
2,Manuel Turizo,Rauw Alejandro
1,Manuel Turizo,Sean Paul
3,Manuel Turizo,Sebastián Yatra
2,Manuel Turizo,Sech
1,Manuel Turizo,Shakira
1,Manuel Turizo,Sofía Reyes
1,Manuel Turizo,TINI
2,Manuel Turizo,Zion & Lennox
1,Marcynho Sensação,Mari Fernandez
1,Marcynho Sensação,Zé Felipe
1,Mari Fernandez,Wesley Safadão
1,Mari Fernandez,Xand Avião
1,Maroon 5,Megan Thee Stallion
1,Maroon 5,Nicki Minaj
2,Maroon 5,SZA
1,Maroon 5,Shakira
1,Maroon 5,Snoop Dogg
1,Maroon 5,Tainy
1,Maroon 5,Wiz Khalifa
1,Maroon 5,blackbear
1,Marshmello,Megan Thee Stallion
1,Marshmello,Polimá Westcoast
2,Marshmello,Polo G
1,Marshmello,Pritam
1,Marshmello,Roddy Ricch
1,Marshmello,Sean Paul
2,Marshmello,Sleepy Hallow
2,Marshmello,Southside
2,Marshmello,The Kid LAROI
2,Marshmello,Tiago PZK
1,Marshmello,Tyga
2,Marshmello,benny blanco
2,Marshmello,blackbear
1,María Becerra,Nicki Nicole
1,María Becerra,Rauw Alejandro
1,María Becerra,Sofía Reyes
1,María Becerra,TINI
2,María Becerra,Tiago PZK
1,María Becerra,Zion & Lennox
1,Marília Mendonça,Wesley Safadão
3,Mauro Castillo,Rhenzy Feliz
3,Mauro Castillo,Stephanie Beatriz
1,Megan Thee Stallion,Nicki Minaj
1,Megan Thee Stallion,Ozuna
1,Megan Thee Stallion,Post Malone
1,Megan Thee Stallion,SZA
2,Megan Thee Stallion,Tyga
1,Megan Thee Stallion,Wiz Khalifa
1,Megan Thee Stallion,Young Thug
3,Mora,Nicki Nicole
1,Mora,Quevedo
2,Mora,Sech
1,Mora,Tainy
1,Mora,Álvaro Díaz
1,Morat,Sebastián Yatra
1,Morat,TINI
2,Mufasa & Hypeman,Nightcrawlers
1,Mufasa & Hypeman,Nile Rodgers
2,Mufasa & Hypeman,Riton
1,Mufasa & Hypeman,Tiësto
1,Muni Long,Saweetie
3,NAV,Playboi Carti
1,NAV,Swae Lee
2,NAV,The Weeknd
4,NAV,Travis Scott
7,NAV,Young Thug
98,Nate Dogg,Snoop Dogg
8,Nate Dogg,The Game
2,Nicki Minaj,Pharrell Williams
1,Nicki Minaj,Playboi Carti
1,Nicki Minaj,Polo G
1,Nicki Minaj,Post Malone
1,Nicki Minaj,Pusha T
2,Nicki Minaj,Rvssian
1,Nicki Minaj,Saweetie
1,Nicki Minaj,Sean Paul
2,Nicki Minaj,Sia
1,Nicki Minaj,Snoop Dogg
1,Nicki Minaj,Swae Lee
1,Nicki Minaj,The Game
4,Nicki Minaj,The Weeknd
2,Nicki Minaj,Travis Scott
10,Nicki Minaj,Tyga
1,Nicki Minaj,WILLOW
1,Nicki Minaj,Wiz Khalifa
7,Nicki Minaj,Young Thug
5,Nicki Minaj,YoungBoy Never Broke Again
1,Nicki Nicole,Rauw Alejandro
1,Nicki Nicole,Rels B
1,Nicki Nicole,Tiago PZK
2,Nicki Nicole,Trueno
1,Nightcrawlers,Nile Rodgers
4,Nightcrawlers,Riton
1,Nightcrawlers,Tiësto
1,Nile Rodgers,Paloma Faith
8,Nile Rodgers,Pharrell Williams
2,Nile Rodgers,Rauw Alejandro
1,Nile Rodgers,Riton
1,Nile Rodgers,Tiësto
1,Nile Rodgers,Wiz Khalifa
1,Ninho,Omah Lay
2,Nio García,Ozuna
2,Nio García,Rauw Alejandro
1,Nio García,Zion & Lennox
1,Nio García,Ñengo Flow
1,Nirvana,Snoop Dogg
4,Olga Merediz,Stephanie Beatriz
1,Omah Lay,Ozuna
1,OneRepublic,Sebastián Yatra
1,OneRepublic,Swedish House Mafia
1,Ozuna,PNAU
1,Ozuna,Post Malone
1,Ozuna,ROSALÍA
1,Ozuna,Rauw Alejandro
2,Ozuna,Sech
2,Ozuna,Sfera Ebbasta
1,Ozuna,Shakira
1,Ozuna,Sia
2,Ozuna,Snoop Dogg
1,Ozuna,Swae Lee
1,Ozuna,TINI
2,Ozuna,Tainy
1,Ozuna,Tyga
1,Ozuna,XXXTENTACION
3,Ozuna,Zion & Lennox
5,Ozuna,Ñengo Flow
1,PNAU,Tiësto
2,PNAU,Troye Sivan
1,PSY,SUGA
1,PSY,Snoop Dogg
2,PSY,Tyga
1,Pailita,Paloma Mami
1,Pailita,Polimá Westcoast
17,Pharrell Williams,Pusha T
1,Pharrell Williams,Sean Paul
46,Pharrell Williams,Snoop Dogg
2,Pharrell Williams,Summer Walker
1,Pharrell Williams,Swae Lee
5,Pharrell Williams,Swedish House Mafia
14,Pharrell Williams,The Game
2,Pharrell Williams,Travis Scott
3,Pharrell Williams,Tyga
2,Pharrell Williams,Wiz Khalifa
1,Pharrell Williams,Young Thug
2,Playboi Carti,The Weeknd
3,Playboi Carti,Travis Scott
1,Playboi Carti,Young Thug
1,Polimá Westcoast,Rels B
1,Polo G,Roddy Ricch
1,Polo G,Southside
3,Polo G,The Kid LAROI
1,Polo G,Young Thug
2,Post Malone,Roddy Ricch
1,Post Malone,Rvssian
1,Post Malone,SZA
1,Post Malone,Saweetie
1,Post Malone,Shawn Mendes
2,Post Malone,Swae Lee
2,Post Malone,The Kid LAROI
1,Post Malone,The Weeknd
3,Post Malone,Tiësto
2,Post Malone,Travis Scott
2,Post Malone,Tyga
3,Post Malone,Young Thug
1,Post Malone,YoungBoy Never Broke Again
15,Project Pat,Wiz Khalifa
2,Pusha T,Snoop Dogg
1,Pusha T,Stromae
3,Pusha T,The Game
2,Pusha T,Travis Scott
3,Pusha T,Tyga
2,Pusha T,Wiz Khalifa
1,Pusha T,Young Thug
1,Queen,Tiësto
3,ROSALÍA,Rauw Alejandro
1,ROSALÍA,Sech
2,ROSALÍA,The Weeknd
1,ROSALÍA,Travis Scott
1,Rauw Alejandro,Rvssian
1,Rauw Alejandro,Sebastián Yatra
3,Rauw Alejandro,Sech
1,Rauw Alejandro,Shakira
5,Rauw Alejandro,Tainy
2,Rauw Alejandro,Zion & Lennox
3,Rauw Alejandro,Álvaro Díaz
1,Rauw Alejandro,Ñengo Flow
1,Rema,Rvssian
1,Residente,Shakira
3,Rhenzy Feliz,Stephanie Beatriz
1,Riton,Tiësto
2,Rkomi,Sfera Ebbasta
1,Rkomi,thasup
1,Roddy Ricch,The Game
1,Roddy Ricch,Tyga
1,Roddy Ricch,Young Thug
3,Russ,Snoop Dogg
1,Russ,The Game
1,Russ,Wiz Khalifa
1,Rvssian,Sean Paul
2,Rvssian,Sfera Ebbasta
1,Rvssian,Tiago PZK
1,Rvssian,Travis Scott
1,SUGA,j‐hope
3,SZA,Summer Walker
1,SZA,The Weeknd
4,SZA,Travis Scott
1,SZA,WILLOW
1,SZA,XXXTENTACION
1,Saweetie,Sia
2,Saweetie,Tyga
1,Sean Paul,Sfera Ebbasta
2,Sean Paul,Sia
1,Sean Paul,Sofía Reyes
2,Sean Paul,Tainy
4,Sebastián Yatra,TINI
1,Sebastián Yatra,Zion & Lennox
2,Sebastián Yatra,Álvaro Díaz
2,Sech,Tainy
4,Sech,Zion & Lennox
3,Sfera Ebbasta,thasup
2,Shawn Mendes,Tainy
1,Shawn Mendes,Taylor Swift
1,Shawn Mendes,The Chainsmokers
1,Shawn Mendes,Tiësto
1,Sia,Sofía Reyes
1,Sia,The Chainsmokers
2,Sia,The Weeknd
1,Sia,Wiz Khalifa
41,Snoop Dogg,The Game
1,Snoop Dogg,Tiësto
2,Snoop Dogg,Tyga
49,Snoop Dogg,Wiz Khalifa
1,Snoop Dogg,Young Thug
1,Snoop Dogg,YoungBoy Never Broke Again
2,Snoop Dogg,benny blanco
1,Sofía Reyes,Zion & Lennox
1,Southside,Swae Lee
1,Southside,Travis Scott
2,Southside,Young Thug
1,Steve Lacy,The Weeknd
1,Summer Walker,The Weeknd
2,Swae Lee,The Weeknd
4,Swae Lee,Travis Scott
2,Swae Lee,Tyga
1,Swae Lee,Wiz Khalifa
1,Swae Lee,Wizkid
1,Swae Lee,XXXTENTACION
2,Swae Lee,Young Thug
1,Swae Lee,benny blanco
4,Swedish House Mafia,The Weeknd
1,Swedish House Mafia,Tiësto
2,TINI,Tiago PZK
2,Tainy,benny blanco
3,Tainy,Álvaro Díaz
4,Tate McRae,Tiësto
4,Tate McRae,Troye Sivan
1,Tate McRae,blackbear
2,Tems,Wizkid
1,The Chainsmokers,The Weeknd
1,The Chainsmokers,Tiësto
9,The Game,Tyga
8,The Game,Wiz Khalifa
1,The Game,Young Thug
1,The Game,YoungBoy Never Broke Again
4,The Kid LAROI,YoungBoy Never Broke Again
1,The Kid LAROI,blackbear
9,The Weeknd,Travis Scott
2,The Weeknd,Wiz Khalifa
1,The Weeknd,XXXTENTACION
1,The Weeknd,Young Thug
1,Tiago PZK,Trueno
1,Tony Dize,Zion & Lennox
2,Tony Dize,Ñengo Flow
1,Travis Scott,Wiz Khalifa
34,Travis Scott,Young Thug
13,Tyga,Wiz Khalifa
1,Tyga,Wizkid
2,Tyga,Young Thug
8,Vulgo FK,Xamã
1,Wesley Safadão,Xand Avião
2,Wesley Safadão,Zé Felipe
1,Wiz Khalifa,Young Thug
1,Wiz Khalifa,blackbear
1,XXXTENTACION,Young Thug
1,XXXTENTACION,YoungBoy Never Broke Again
2,Yeat,Young Thug
3,Yeat,YoungBoy Never Broke Again
2,Young Thug,YoungBoy Never Broke Again
2,Zion & Lennox,Ñengo Flow
